[
  {
    "id": "cause-area-quick-start-template",
    "name": "Cause-area quick-start page template (locked)",
    "description": "# Cause-area quick-start page template (locked) ## Cause area name - What this area is trying to achieve (2–4 lines, plain language) - What kinds of work exist here (role shapes, not org names) - What a “good fit” often…",
    "category": "other",
    "locked": true,
    "contentPath": "content/md/templates/cause-area-quick-start-template.md"
  },
  {
    "id": "recommendation-card-template",
    "name": "Recommendation Card template (locked)",
    "description": "# Recommendation Card template (locked) ## Recommendation name ## One-line pitch ## When to suggest (trigger criteria) ## When not to (contraindications) ## Tags (metadata) - Topic: AI / Biosecurity / Animals /…",
    "category": "other",
    "locked": true,
    "contentPath": "content/md/templates/recommendation-card-template.md"
  },
  {
    "id": "wrap-written-summary-template",
    "name": "Wrap + written summary template (locked)",
    "description": "# Wrap + written summary template (locked) ## During the wrap (live) - “Let me summarize what we have so far — stop me if I misrepresent anything.” - Write it down together (you type while you talk). ## Written summary…",
    "category": "other",
    "locked": true,
    "contentPath": "content/md/templates/wrap-written-summary-template.md"
  }
]
