[
  {
    "id": "recommendation-card-template",
    "name": "Recommendation Card template",
    "description": "Recommendation Card template (locked)",
    "category": "focus-area",
    "locked": true,
    "contentPath": "content/md/templates/recommendation-card-template.md"
  },
  {
    "id": "wrap-written-summary-template",
    "name": "Wrap + written summary template",
    "description": "Wrap + written summary template (locked)",
    "category": "wrap",
    "locked": true,
    "contentPath": "content/md/templates/wrap-written-summary-template.md"
  },
  {
    "id": "cause-area-quick-start-template",
    "name": "Cause-area quick-start page template",
    "description": "Cause-area quick-start page template (locked)",
    "category": "focus-area",
    "locked": true,
    "contentPath": "content/md/templates/cause-area-quick-start-template.md"
  }
]